{
    "personalizedInfoListRequestDto": [
        {
            "shopperId": "S-1000",
            "shelf": [
                {
                    "productId": "BG-419110951",
                    "relevancyScore": 31.089209569320897
                },
                {
                    "productId": "BG-419110953",
                    "relevancyScore": 55.16626010671777
                }
            ]
        },
        {
            "shopperId": "S-1001",
            "shelf": [
                {
                    "productId": "BG-419110952",
                    "relevancyScore": 64.9399444667783
                }
            ]
        }
    ],
    "productMetaDataListRequestDto": [
        {
            "productId": "BG-419110951",
            "category": "Babies",
            "brand": "Girlds"
        },
        {
            "productId": "BG-419110952",
            "category": "Babies",
            "brand": "Girlds"
        },
        {
            "productId": "BG-419110953",
            "category": "Babies",
            "brand": "Girlds"
        }
    ]
}